index,model
1,model_Weber_BMC2015
3,model_Weber_BMC2015
4,model_Weber_BMC2015
6,model_Weber_BMC2015
7,model_Weber_BMC2015
9,model_Weber_BMC2015
10,model_Weber_BMC2015
12,model_Weber_BMC2015
13,model_Weber_BMC2015
16,model_Weber_BMC2015
19,model_Weber_BMC2015
20,model_Weber_BMC2015
21,model_Weber_BMC2015
23,model_Weber_BMC2015
25,model_Weber_BMC2015
26,model_Weber_BMC2015
28,model_Weber_BMC2015
36,model_Weber_BMC2015
38,model_Weber_BMC2015
40,model_Weber_BMC2015
41,model_Weber_BMC2015
42,model_Weber_BMC2015
43,model_Weber_BMC2015
48,model_Weber_BMC2015
52,model_Weber_BMC2015
54,model_Weber_BMC2015
55,model_Weber_BMC2015
58,model_Weber_BMC2015
59,model_Weber_BMC2015
61,model_Weber_BMC2015
65,model_Weber_BMC2015
66,model_Weber_BMC2015
68,model_Weber_BMC2015
69,model_Weber_BMC2015
70,model_Weber_BMC2015
71,model_Weber_BMC2015
76,model_Weber_BMC2015
77,model_Weber_BMC2015
78,model_Weber_BMC2015
80,model_Weber_BMC2015
84,model_Weber_BMC2015
85,model_Weber_BMC2015
86,model_Weber_BMC2015
87,model_Weber_BMC2015
89,model_Weber_BMC2015
90,model_Weber_BMC2015
91,model_Weber_BMC2015
92,model_Weber_BMC2015
93,model_Weber_BMC2015
97,model_Weber_BMC2015
100,model_Weber_BMC2015
102,model_Weber_BMC2015
103,model_Weber_BMC2015
104,model_Weber_BMC2015
105,model_Weber_BMC2015
110,model_Weber_BMC2015
111,model_Weber_BMC2015
113,model_Weber_BMC2015
116,model_Weber_BMC2015
117,model_Weber_BMC2015
119,model_Weber_BMC2015
120,model_Weber_BMC2015
122,model_Weber_BMC2015
124,model_Weber_BMC2015
125,model_Weber_BMC2015
126,model_Weber_BMC2015
130,model_Weber_BMC2015
134,model_Weber_BMC2015
135,model_Weber_BMC2015
136,model_Weber_BMC2015
138,model_Weber_BMC2015
139,model_Weber_BMC2015
141,model_Weber_BMC2015
144,model_Weber_BMC2015
146,model_Weber_BMC2015
147,model_Weber_BMC2015
151,model_Weber_BMC2015
152,model_Weber_BMC2015
154,model_Weber_BMC2015
155,model_Weber_BMC2015
159,model_Weber_BMC2015
162,model_Weber_BMC2015
163,model_Weber_BMC2015
164,model_Weber_BMC2015
166,model_Weber_BMC2015
167,model_Weber_BMC2015
168,model_Weber_BMC2015
171,model_Weber_BMC2015
172,model_Weber_BMC2015
174,model_Weber_BMC2015
177,model_Weber_BMC2015
179,model_Weber_BMC2015
182,model_Weber_BMC2015
183,model_Weber_BMC2015
185,model_Weber_BMC2015
189,model_Weber_BMC2015
190,model_Weber_BMC2015
191,model_Weber_BMC2015
